media_x_x,media_y_x,cov_xx_x,cov_xy_x,cov_yy_x,peso_x,media_x_y,media_y_y,cov_xx_y,cov_xy_y,cov_yy_y,peso_y,media_x_z,media_y_z,cov_xx_z,cov_xy_z,cov_yy_z,peso_z,one_hot_arepas,one_hot_lomas1,one_hot_lomas2,one_hot_lompend,one_hot_pasto,one_hot_pav,one_hot_pav_pen_suav,one_hot_pisadasvaca,one_hot_rip_pend_gran,one_hot_ripi,one_hot_rotonda,one_hot_via,one_hot_via_1,one_hot_via_2
38.202132011397175,0.004310099,174.72938490195816,-0.025923498,8.274211415525825e-06,0.1130393076902522,157.84463730669506,0.000300045,3178.607345194398,-0.008808134,1.0688340009182993e-06,0.735910587,42.38379960639416,0.001825269,489.61745282262166,-0.002870249,2.485105325629454e-06,0.2082001385620436,1,0,0,0,0,0,0,0,0,0,0,0,0,0
150.21680221111654,0.000420232,3574.5700439426555,-0.014927915,1.1845759539015795e-06,0.8033655558076879,14.327209751867109,0.005810159,76.05157201923582,-0.0067012,1.1938258741037266e-05,0.091451562,5.672993447890328,0.006697818,13.201467325794194,-0.009017694,2.041304940848605e-05,0.034052194,1,0,0,0,0,0,0,0,0,0,0,0,0,0
13.353789664441653,0.011766494,69.59123161658822,-0.003990915,4.240111288509108e-05,0.083595137,50.06940099,0.001093401,418.7627763544305,-0.010794919,1.7592119733763674e-06,0.1726378501234909,154.5318757003608,0.000683287,3474.196109429176,-0.021085624,1.3351090802052471e-06,0.7577476677309849,1,0,0,0,0,0,0,0,0,0,0,0,0,0
151.48207373182487,0.000501295,3545.715092623037,-0.017109971,1.2307962738065364e-06,0.796499317,140.97797587824368,0.000461503,4230.092904506037,-0.018604502,1.1986995708888687e-06,0.8829194537012973,45.465423620225465,0.00174939,628.7706402113287,-0.003111047,2.4499142999776813e-06,0.2484218828827933,1,0,0,0,0,0,0,0,0,0,0,0,0,0
14.233252393365618,0.013858671,83.17748487,-0.008597432,5.731769225721611e-05,0.080697658,16.044756377277025,0.011358913,111.18833946226572,-0.02329771,2.564256351805543e-05,0.015884708,4.819629129786012,0.007651911,10.626666561914485,-0.010912589,4.208882707117603e-05,0.027666372,1,0,0,0,0,0,0,0,0,0,0,0,0,0
38.10115449083659,0.004910233,218.8782317337005,-0.032432321,9.867750380302068e-06,0.122803026,17.35082918318802,0.005158982,103.8272787262884,-0.010273188,7.734749719890494e-06,0.1011958382410561,158.93504749319538,0.000721228,3277.447290200509,-0.021953367,1.3996124242305896e-06,0.7239117453463889,1,0,0,0,0,0,0,0,0,0,0,0,0,0
149.77236176541336,0.000388378,3599.9667860254867,-0.014374307,1.170258174477654e-06,0.807623571,1.972167275995035,0.013370012,1.224105692145259,-0.000216027,3.79966578381441e-05,0.010181015,32.90582304820501,0.001474476,277.53140292269256,-0.010055832,2.126384810145832e-06,0.1643650207327376,1,0,0,0,0,0,0,0,0,0,0,0,0,0
11.492861934301295,0.011678683,51.91800523594242,-0.005068035,3.7384826649738814e-05,0.068019674,17.87565727,0.004341265,88.70229269390457,-0.009123435,6.661418331606346e-06,0.1047472339010811,4.400131645,0.009023324,8.639465129238904,-0.012111681,6.604370116559705e-05,0.025803266,1,0,0,0,0,0,0,0,0,0,0,0,0,0
35.41387484534302,0.004162403,188.9978126,-0.02643091,7.804014096447122e-06,0.1243567547174214,140.38735327755282,0.000377016,4213.7479720831925,-0.014263825,1.12779718508894e-06,0.8850717509076653,148.94857637261632,0.000763957,3735.1443023483216,-0.022209923,1.410720390777481e-06,0.8098317135562731,1,0,0,0,0,0,0,0,0,0,0,0,0,0
17.397948353653824,0.023849013,112.73033885626248,-0.025915138,0.000152736,0.1227929457580161,15.575535654884185,0.011254144,90.99506532376468,-0.018094411,3.855257101956291e-05,0.1046001281777751,6.5790908394811645,0.011263954,18.692184596293803,-0.01848384,5.733078753330655e-05,0.037467875,0,1,0,0,0,0,0,0,0,0,0,0,0,0
54.79107886589258,0.005486079,326.13843690636554,-0.03727976,1.040710202506757e-05,0.1558928251046457,155.10826014098993,0.000673391,3312.822145937186,-0.019128964,1.2764737525115156e-06,0.7601752644276281,160.0054904368891,0.001025526,3102.5650780728324,-0.030934279,1.7082931652654278e-06,0.7157467953231285,0,1,0,0,0,0,0,0,0,0,0,0,0,0
160.02793127406912,0.001005663,2996.4762031002306,-0.026128761,1.589711255573049e-06,0.7213142291373381,48.583166362088896,0.002484317,312.2304522770181,-0.017775842,3.425900175171736e-06,0.1352246073945968,45.94431831547264,0.003755265,547.2895733453557,-0.001968979,4.5026489350348826e-06,0.2467853291958709,0,1,0,0,0,0,0,0,0,0,0,0,0,0
50.86729886677842,0.005917763,322.0253288053772,-0.044223965,1.3215563309443736e-05,0.1518815702957807,45.977734188091546,0.003683781,381.3710836045887,-0.027710124,5.34341888363757e-06,0.1713807099157196,7.168528576323458,0.012449426,20.012027646157808,-0.016736409,5.273762181707119e-05,0.044894312,0,0,1,0,0,0,0,0,0,0,0,0,0,0
157.88246282053495,0.000964041,3136.4016273886887,-0.026211421,1.5810327677496406e-06,0.7396309167597606,156.9397425082721,0.000662871,3209.713493055083,-0.01924,1.2926917209996983e-06,0.7465400859513754,165.67712686833065,0.001315337,2797.2640990945824,-0.036211917,2.0553482299621023e-06,0.669105769,0,0,1,0,0,0,0,0,0,0,0,0,0,0
15.67009106752223,0.025387261,86.43339828752329,-0.006783486,0.000167152,0.1084875129444586,14.121232994662332,0.014188674,83.33595380905889,-0.030649167,6.297821509960122e-05,0.082079204,52.52874764873981,0.003793237,713.7609211987577,-0.001580327,5.192451818237908e-06,0.2859999192547336,0,0,1,0,0,0,0,0,0,0,0,0,0,0
60.12570168770985,0.007724809,411.6513723102445,-0.057125134,1.830474868318837e-05,0.1837226173073535,47.00520076112542,0.004276171,398.3057240053368,-0.030703829,6.571168862060569e-06,0.1575379747542534,47.79036966789524,0.004818545,553.0087902349211,0.012731147,7.551640269457329e-06,0.2518390193370183,0,0,0,1,0,0,0,0,0,0,0,0,0,0
164.0580895495993,0.001448418,2799.3345112395414,-0.029391389,1.962516467932264e-06,0.6864989718118452,155.9177011294508,0.000865386,3287.218842527877,-0.025714797,1.4779900169392603e-06,0.7522043200265056,7.633685542291826,0.00848405,24.18998810327304,-0.01402593,2.965582645322036e-05,0.042947538,0,0,0,1,0,0,0,0,0,0,0,0,0,0
18.694121848457733,0.0344839,122.57965820316775,0.010474995,0.000514005,0.1297784108808014,15.635030921744406,0.011837564,89.52770891890609,0.01684896,4.535367396972109e-05,0.090257705,161.27730948553693,0.001289933,3033.283711,-0.034847915,1.963601685169655e-06,0.7052134428223437,0,0,0,1,0,0,0,0,0,0,0,0,0,0
40.66829601,0.003484335,141.9477892103676,-0.019672447,6.07681551220332e-06,0.1056152721648949,139.6628693068825,0.000377095,4261.832373319437,-0.01675608,1.1477326201297748e-06,0.8892915453676631,40.29715390446913,0.001764537,528.1525117560858,-0.002352782,2.2535206741649266e-06,0.2276615993557738,0,0,0,0,1,0,0,0,0,0,0,0,0,0
13.76993642970007,0.008585126,70.13858560887721,0.004542376,1.997707813783657e-05,0.094815877,14.454637656595049,0.010082645,123.9967967138696,-0.02158077,1.9240090230601703e-05,0.012319229,3.930775569609371,0.008228619,8.604604773231943,-0.011269153,7.706168791972868e-05,0.018497503,0,0,0,0,1,0,0,0,0,0,0,0,0,0
150.6203011719201,0.000349118,3531.9429980040263,-0.012628004,1.1402134086696285e-06,0.7995688505723727,16.800863689864492,0.003789003,97.31148945714928,-0.006477699,4.923457503956936e-06,0.098389225,154.92032758419373,0.000616987,3442.290707,-0.018347844,1.2825268784245885e-06,0.753840898,0,0,0,0,1,0,0,0,0,0,0,0,0,0
37.74168412992321,0.003737135,185.9230376,-0.023650542,6.592034164124975e-06,0.1215667171002442,11.13574639901185,0.004023793,45.22411103373731,-0.005781742,6.884801597797178e-06,0.072598596,155.32211840137012,0.000545142,3487.8159100541493,-0.01513838,1.2159566449425138e-06,0.7584845654903517,0,0,0,0,1,0,0,0,0,0,0,0,0,0
12.655358362628183,0.009522461,64.03314153,0.006098166,2.905505559596945e-05,0.077215677,140.0457616177438,0.000375306,4337.80921,-0.017457704,1.165425396720663e-06,0.8921563981009105,4.139352195797924,0.005862775,8.135595714,-0.007902808,2.58200262874081e-05,0.018987976,0,0,0,0,1,0,0,0,0,0,0,0,0,0
151.20224526578784,0.000331252,3589.4949867638816,-0.012059218,1.1282780889069216e-06,0.8012176061109966,27.23971395943101,0.005413859,12.348182639570036,-0.006797567,1.215994582785295e-05,0.035245006,39.64993065593068,0.001335346,505.0706396303918,-0.002737699,1.7650008341643929e-06,0.2225274580349815,0,0,0,0,1,0,0,0,0,0,0,0,0,0
14.963324105628589,0.008513067,86.72159139,0.00621313,2.073324994999659e-05,0.1022492959957681,3.942000833856388,0.016574998,5.939166487907059,-0.007878481,9.263178488112923e-05,0.019265425,7.014889674764902,0.007555291,19.654156498585177,-0.010682803,3.2702728018847416e-05,0.044008987,0,0,0,0,1,0,0,0,0,0,0,0,0,0
152.8304394,0.000431799,3497.127214047425,-0.012053156,1.1455609225407374e-06,0.7891860052292887,141.9201161284613,0.000441506,4198.439488749755,-0.014475429,1.1424620040068018e-06,0.8790669300330411,155.89903973272104,0.000870762,3448.4769037578576,-0.0172351,1.3686140449032266e-06,0.7558281426609273,0,0,0,0,1,0,0,0,0,0,0,0,0,0
43.13585628466531,0.003371724,167.08687817134145,-0.020500219,5.663063822980417e-06,0.1085646987749433,19.58774052482079,0.005008997,90.71684433269078,-0.009664609,8.583334237765315e-06,0.101667645,43.379997114517295,0.001918875,443.2927731633383,-0.002657857,2.4677961763088435e-06,0.2001628702677377,0,0,0,0,1,0,0,0,0,0,0,0,0,0
43.58277339183957,0.004476171,181.2862230641485,-0.028059727,8.81240617215325e-06,0.1205989455573348,19.435348010732767,0.005470833,87.32749106353428,-0.004471992,9.332370615510555e-06,0.099920129,4.863579461589104,0.009159115,10.713444625199136,-0.013113835,5.810236512660132e-05,0.028284768,0,0,0,0,1,0,0,0,0,0,0,0,0,0
14.805929541610295,0.012342484,86.20242442552416,0.002508108,4.437791609444725e-05,0.1015756404890134,141.30389034165285,0.000555951,4254.257126458788,-0.022724404,1.2706257743092414e-06,0.8833576522221872,155.85497210251765,0.000894291,3481.8322105731527,-0.022880943,1.4539049044940298e-06,0.754380003,0,0,0,0,1,0,0,0,0,0,0,0,0,0
154.35044472494425,0.000483545,3380.751023915237,-0.013645894,1.1889698844034293e-06,0.7778254139536516,3.2173689162875245,0.012206309,3.769637834875162,-0.004683218,4.113201566365298e-05,0.016722219,41.899407572124375,0.00233657,501.2401569,-0.001666704,2.987379346834713e-06,0.2173352293593381,0,0,0,0,1,0,0,0,0,0,0,0,0,0
6.181543721031596,0.005056999,12.96086863359976,0.005644653,8.813901849518687e-06,0.031911173,153.71433814420948,0.000706792,3446.373428038733,-0.023914882,1.611794547788144e-06,0.769402774,38.26953554450344,0.001331981,480.4140472927343,-0.008904784,2.1078038322828504e-06,0.2901372014380753,0,0,0,0,0,1,0,0,0,0,0,0,0,0
142.62437508450412,0.000643897,4118.881604577441,-0.027977512,1.4544112448841136e-06,0.8628581944112866,2.0890536493555296,0.007067864,1.6559277655633702,-0.003875,2.0240285673261582e-05,0.01186712,176.13194013897444,0.001145008,2118.849316077001,-0.01942751,1.6867642951642294e-06,0.5893691845143101,0,0,0,0,0,1,0,0,0,0,0,0,0,0
26.89390123346664,0.003637419,133.72986854228338,-0.005042966,4.741845856085107e-06,0.1052306325211241,35.655375595296654,0.001250515,404.71468612797554,-0.010850155,2.069804422403205e-06,0.218730106,92.79976812258109,0.005484175,526.1612484126476,-0.036013402,1.0814515595657318e-05,0.1204936140476146,0,0,0,0,0,1,0,0,0,0,0,0,0,0
13.538293315959082,0.00925925,62.02250798271544,0.022899763,1.9668453518139755e-05,0.095068228,14.442509964490378,0.004313276,75.05436315381948,-0.000560451,6.981692276923192e-06,0.094375901,162.1471124205248,0.000965008,3036.9017044414145,-0.022552163,1.5877179972439387e-06,0.7058840368896604,0,0,0,0,0,0,1,0,0,0,0,0,0,0
150.9074153623679,0.000621565,3615.882162972527,-0.02189099,1.3317125431316403e-06,0.804354432,161.18935781634687,0.000522593,3110.1976823495947,-0.01505045,1.1894795547155749e-06,0.712691458,77.47175806286697,0.006168768,736.6363869207395,-0.088506259,2.9494335956334654e-05,0.04842832,0,0,0,0,0,0,1,0,0,0,0,0,0,0
40.86364656,0.004097304,124.48501708380957,-0.020190446,6.766704785258246e-06,0.1005773401463715,54.62405619578352,0.001133426,485.3301973240691,-0.004877488,1.5645676702002268e-06,0.1929326408516714,34.88649761159156,0.001290614,414.78269267139694,-0.007615949,1.817388208689109e-06,0.2456876430245134,0,0,0,0,0,0,1,0,0,0,0,0,0,0
33.23366471989825,0.004775034,139.80503009664938,-0.018301187,7.882754565115384e-06,0.114759998,181.9024435719704,0.000660163,1818.5923647264008,-0.014859687,1.3269888066420304e-06,0.5424918674455043,184.74453388749012,0.00099878,1679.1618968140465,-0.016179724,1.5181538026610163e-06,0.5205860987348396,0,0,0,0,0,1,0,0,0,0,0,0,0,0
146.4494384,0.000655424,3865.3488601710055,-0.021814466,1.3122656679726649e-06,0.8312744038254241,14.541038535544963,0.004140106,74.95807953827315,0.004616094,8.23435813790206e-06,0.088971087,61.16168134281953,0.001534554,1329.1270033260616,0.017606956,2.385191222368943e-06,0.4569010831905318,0,0,0,0,0,1,0,0,0,0,0,0,0,0
9.607290040900995,0.010323653,27.83334550614509,0.023656953,4.939905143123746e-05,0.053965598,70.81431851263159,0.000992338,1033.1751563941834,-0.000694348,1.438537951498905e-06,0.3685370452330859,86.69520624006968,0.006346211,2819.443333588258,-0.0423632,1.0057163847391244e-05,0.022512818,0,0,0,0,0,1,0,0,0,0,0,0,0,0
159.60021242562556,0.000506318,3078.913510422528,-0.015165211,1.2169285718732812e-06,0.7213198970438152,17.995548513382047,0.005216067,83.02745370926397,-0.009451488,8.900407025341228e-06,0.092531906,50.84477149961189,0.002317157,617.7954790770818,0.013491063,3.931839465994722e-06,0.2536137227760829,0,0,0,0,0,1,0,0,0,0,0,0,0,0
53.983837368135056,0.002902466,378.1071672585939,-0.019347565,3.841211193377484e-06,0.1677614276479442,139.4089244781736,0.000636343,4280.665359267993,-0.019524553,1.2710785217240676e-06,0.8919720252271913,161.3797859240758,0.001083029,3101.2227433334183,-0.024753404,1.6130900897180084e-06,0.6991138233025317,0,0,0,0,0,1,0,0,0,0,0,0,0,0
17.074826586447315,0.006735945,111.28563540194584,0.01311962,1.6272102375154628e-05,0.1109186753082405,3.814416347491569,0.01822057,4.598570940357586,-0.004645604,0.000162431,0.015496068,7.517287840679764,0.006555578,23.135402470732544,-0.012929219,1.9820538676622165e-05,0.047272454,0,0,0,0,0,1,0,0,0,0,0,0,0,0
30.328495888726952,0.005214304,136.3892157,-0.017004678,8.379597809327405e-06,0.1152312988857738,14.726861165904168,0.004035711,83.32587852991489,-0.00638061,9.180386190181876e-06,0.091061763,1.6059678952878722,0.016458346,0.8989370399375983,-0.008309876,0.000369652,0.010811196,0,0,0,0,0,1,0,0,0,0,0,0,0,0
145.4706099198252,0.000720118,3915.894134491059,-0.024746258,1.399917542776637e-06,0.840356318,69.54179957659089,0.001176177,966.2750748368376,0.002373058,1.6817648818188423e-06,0.3514000832095878,183.83283760318085,0.001350063,1716.5774926690517,-0.021283774,1.8562055106368343e-06,0.5293435076515816,0,0,0,0,0,1,0,0,0,0,0,0,0,0
7.998587087182853,0.008496645,21.17168522027249,0.015904439,3.521080960450142e-05,0.044412383,179.9323071738321,0.000630708,1941.880001,-0.01243717,1.2705918052519427e-06,0.5575381533064573,62.56254680148638,0.002473224,1309.4250529609265,0.041961677,5.47547223433219e-06,0.459845296,0,0,0,0,0,1,0,0,0,0,0,0,0,0
59.70221832810938,0.007945059,440.6914101534381,-0.059815478,1.974821481186974e-05,0.1838544306471344,157.9820290034721,0.001192088,3151.779835144584,-0.029285381,1.7220045248778523e-06,0.7358787544792904,54.38517255300839,0.006513042,984.9651743,-0.006415988,1.05921937715383e-05,0.2963765572968972,0,0,0,0,0,0,0,1,0,0,0,0,0,0
18.11562133924324,0.036725181,115.18089857763408,-0.018508853,0.000393545,0.1253437377278863,15.406409911514196,0.019316421,88.39820931,-0.024682379,0.000114623,0.1025266512096799,34.60104130229059,0.015122975,794.6972435166641,-0.041519938,4.974254456292215e-05,0.073403388,0,0,0,0,0,0,0,1,0,0,0,0,0,0
163.38764252388006,0.001608413,2855.512125746191,-0.034908777,2.2121828739524544e-06,0.6908018316249791,51.24239122057293,0.004771173,386.6993442908747,-0.029058698,7.559033235024026e-06,0.1615945943110295,170.50767436933123,0.001970611,2489.2577056379123,-0.03721028,2.6570353669355817e-06,0.6302200549376771,0,0,0,0,0,0,0,1,0,0,0,0,0,0
163.65265532760475,0.001825694,2865.305445,-0.034482103,2.393631181402196e-06,0.6884043231345496,47.02362452425741,0.006035407,400.4772429810125,-0.038673292,1.073275311990628e-05,0.1668987634417604,29.52931476850077,0.014618837,707.2344965036425,-0.051640527,6.388419891322476e-05,0.06891037,0,0,0,0,0,0,0,1,0,0,0,0,0,0
18.37167068698318,0.039951793,114.33736465597428,-0.033640963,0.000439155,0.1253051443522861,14.831201081947954,0.021226003,81.73055278,-0.034418551,0.000136299,0.085814197,177.27552823402894,0.002250738,2126.155126860602,-0.039250077,3.1867150411873206e-06,0.5755889961652343,0,0,0,0,0,0,0,1,0,0,0,0,0,0
60.15584494486835,0.008486703,446.1437904459101,-0.060854794,2.1204775472991498e-05,0.1862905325131642,156.62898729300576,0.001285427,3249.9279345242776,-0.032076461,1.841373537117368e-06,0.7472870398101399,62.15180282,0.005911757,1205.7894010737805,-0.003152953,1.0303637519013337e-05,0.3555006341862559,0,0,0,0,0,0,0,1,0,0,0,0,0,0
152.61758958397303,0.002143285,2264.519952048012,-0.031096459,2.7591791335045832e-06,0.670981324,147.49247229538244,0.001576658,2558.649753,-0.037902735,2.337858651536205e-06,0.7146853869008031,8.064525091936314,0.019049347,21.207074318411564,-0.015311388,8.405176319540832e-05,0.048829968,0,0,0,0,0,0,0,1,0,0,0,0,0,0
16.92581849402356,0.05018526,103.37373711690589,-0.006244241,0.000837644,0.1291692646787618,48.99714024126257,0.007535477,416.15701041125504,-0.05256468,1.6901080405566163e-05,0.1788938142386178,161.73422486008408,0.002443837,1871.3639443175427,-0.040669511,3.441677235688916e-06,0.5844917798356505,0,0,0,0,0,0,0,1,0,0,0,0,0,0
56.77675219232611,0.011014619,390.7739606059642,-0.080606103,3.828494963391398e-05,0.1998494109887132,16.544213864817458,0.024783838,110.45803592985165,-0.052072042,0.00019521,0.106420799,57.29964296414175,0.006799052,899.1682665249716,-0.015562412,1.3978059706013016e-05,0.3666782522704315,0,0,0,0,0,0,0,1,0,0,0,0,0,0
61.875459396908006,0.00831866,415.9433780531281,-0.054736497,1.990715873273134e-05,0.1925080712569417,15.705685747458247,0.022073729,90.65931820644622,-0.043639869,0.000160081,0.094956958,32.6583813,0.015990314,669.3326885361354,-0.061778228,7.182468283531868e-05,0.086255022,0,0,0,0,0,0,0,1,0,0,0,0,0,0
18.11214537342541,0.040539988,111.66471355631973,-0.023779473,0.000505549,0.1285878553850685,157.1227132755018,0.001377531,3248.901332,-0.037417739,2.0161613803906515e-06,0.7438615338097976,62.552676954692615,0.00694719,1198.8146656178646,-0.019763051,1.225574882865781e-05,0.3366892110831385,0,0,0,0,0,0,0,1,0,0,0,0,0,0
165.0874765371684,0.001669619,2795.495237429021,-0.033304174,2.232530049242952e-06,0.6789040733579897,49.324398404993566,0.006074061,429.7419515487533,-0.04088699,1.1247945667803224e-05,0.1611815081086091,177.52413656814315,0.001973448,2110.2099489796883,-0.034882536,2.7538402661620856e-06,0.5770557664465644,0,0,0,0,0,0,0,1,0,0,0,0,0,0
152.79675199157143,0.000605879,3414.3098845779605,-0.017523532,1.2564343041108847e-06,0.7817158570909641,140.09056579294992,0.000684747,4259.662369013176,-0.028115072,1.3876013063909575e-06,0.8853106596522146,41.85924722351327,0.00292982,519.9439343016314,0.001973282,3.44259194859265e-06,0.2310666871142815,0,0,0,0,0,0,0,0,0,1,0,0,0,0
45.45712019366095,0.004272735,155.24624004922637,-0.022860275,7.663887346129411e-06,0.1068738746866571,19.063311844320133,0.011987181,101.43568133014956,-0.011903089,2.461114412731108e-05,0.015573736,156.23734590922024,0.001195931,3357.434274390032,-0.03394047,1.7974095834846291e-06,0.7443951484879936,0,0,0,0,0,0,0,0,0,1,0,0,0,0
16.012419729867858,0.011525788,91.12113254374609,0.022080512,3.952066969011735e-05,0.1114102682223787,17.809630485648427,0.004825866,115.22718633257014,-0.007181649,6.070464478677352e-06,0.099115604,4.5305181631809655,0.007824869,9.175886105260805,-0.007620675,4.0681452605000325e-05,0.024538164,0,0,0,0,0,0,0,0,0,1,0,0,0,0
17.817446139702156,0.013799622,111.61244683659682,0.028662729,6.20365120717666e-05,0.1257666660235618,3.5578779794173148,0.021648575,5.114102508671716,-0.000892673,0.000257992,0.010402304,8.006253610802183,0.006502078,24.82039596599253,-0.01056483,1.8315044428156097e-05,0.04942178,0,0,0,0,0,0,0,0,0,1,0,0,0,0
50.89043285,0.004938679,179.14979947538075,-0.028615434,9.840228863857569e-06,0.121487107,140.62569748381924,0.000804164,4202.964578948201,-0.03086954,1.4892652872167767e-06,0.8831683713037202,152.37723174828668,0.001126541,3661.362956766889,-0.0253983,1.605541445219002e-06,0.7735196231115016,0,0,0,0,0,0,0,0,0,1,0,0,0,0
156.41583677276333,0.000679006,3208.7375727368103,-0.016058125,1.2897986884069564e-06,0.752746227,18.149367603942668,0.008138426,94.03452561627802,-0.006260818,1.9245600453685813e-05,0.1064293248321205,44.63121940076508,0.002882378,411.8045536806849,0.013232108,4.688023070125049e-06,0.1770585973389286,0,0,0,0,0,0,0,0,0,1,0,0,0,0
55.72789725481573,0.00539947,263.1287143771982,-0.032697199,1.0022768780465628e-05,0.1419444308427839,16.031007362746887,0.009509265,91.12859719504064,0.005942527,2.844405323665481e-05,0.09936313,168.28102343084583,0.001513485,2654.2796230191075,-0.032774742,2.134559355383745e-06,0.6464072775911657,0,0,0,0,0,0,0,0,0,1,0,0,0,0
19.00574267450148,0.019403469,131.01997742192555,0.001218745,0.000119486,0.1332699076745395,52.36194565616314,0.002562187,476.8847375518675,-0.013188579,3.2922299516325747e-06,0.1645847572377479,5.658975580235272,0.009078126,14.176999188083244,-0.01330909,5.033221029843212e-05,0.029571013,0,0,0,0,0,0,0,0,0,1,0,0,0,0
159.61471372123273,0.000904822,3037.4206048992546,-0.021475172,1.4549509467843254e-06,0.7247856614826765,157.48714386748807,0.000824,3247.687799,-0.023641508,1.428391689223465e-06,0.7360521123150428,53.03408299728146,0.003596508,854.1583944,0.012707306,6.244584920862174e-06,0.3240217094063351,0,0,0,0,0,0,0,0,0,1,0,0,0,0
43.80599160545456,0.004845531,184.49641299154496,-0.028911812,9.613644532774433e-06,0.1276858487945448,18.041987669935384,0.004724755,122.26842957466718,-0.0056628,5.357855833613343e-06,0.098814592,4.023873411753636,0.007343671,7.437561041531658,-0.007791169,3.8636337574256127e-05,0.018565913,0,0,0,0,0,0,0,0,0,0,1,0,0,0
14.169969474696984,0.01281061,74.90501728,0.02376604,4.826820193200543e-05,0.097831364,19.689661304043025,0.010999155,82.65184341083817,0.001248117,1.749393383459793e-05,0.01926494,155.4089055524037,0.00126972,3415.2372052361147,-0.035887958,1.974218478640641e-06,0.7516344199550908,0,0,0,0,0,0,0,0,0,0,1,0,0,0
153.8460519620971,0.000589648,3336.9692157574723,-0.014574109,1.2246610156125057e-06,0.7744827876221805,140.56671153297705,0.000735674,4231.371289661514,-0.028453717,1.4217919995210057e-06,0.8819204682479044,40.23244462495682,0.00280732,513.8134378466109,0.002838756,3.511706719914483e-06,0.2297996670643517,0,0,0,0,0,0,0,0,0,0,1,0,0,0
45.12477584785872,0.006738126,214.9458048,-0.04212008,1.6794330719131306e-05,0.1313441985514452,15.31327355539104,0.01348086,102.7186404027224,-0.016993279,5.043031255040711e-05,0.046758759,6.11650851,0.008612458,15.318586788273924,-0.012120338,4.239885363623986e-05,0.037664171,0,0,0,0,0,0,0,0,0,0,0,0,1,0
154.92736039721362,0.000924627,3260.9796025159885,-0.026175422,1.545298783527157e-06,0.7660534633114965,147.59647310585538,0.000762263,3763.617519768188,-0.024425771,1.3708131100646062e-06,0.8239533959884958,157.01632767475616,0.001508122,3295.801225065483,-0.037641664,2.17266861180066e-06,0.7399184270949255,0,0,0,0,0,0,0,0,0,0,0,0,1,0
14.874330854747942,0.020506867,86.65636902977532,0.019814339,0.000119217,0.1026023381370581,29.446037400240595,0.00501414,263.26995846556696,-0.028198135,8.191591791269636e-06,0.1292878448479673,43.72864766289521,0.00301352,470.2282334168695,0.008852327,4.240117422302963e-06,0.2224174021892668,0,0,0,0,0,0,0,0,0,0,0,0,1,0
155.91411060052462,0.000853097,3211.197041620266,-0.018716716,1.4034036680255098e-06,0.757061113,15.626579226752211,0.010433469,84.72863550918774,0.016306558,4.140872642895476e-05,0.073438113,42.16863928,0.003872075,540.1013723,0.015418628,6.541875522049424e-06,0.2245151884656736,0,0,0,0,0,0,0,0,0,0,0,0,0,1
48.855010489558936,0.006423642,179.5107874131861,-0.037610024,1.5459494114419593e-05,0.1233478980276482,155.62389588789117,0.000820197,3340.742159883804,-0.024562379,1.436896551597098e-06,0.7523200369560593,154.84870435681614,0.001619074,3500.295894863624,-0.038145662,2.2570278868397445e-06,0.7524796824722891,0,0,0,0,0,0,0,0,0,0,0,0,0,1
16.975337597037985,0.017934508,104.35770907322087,0.029603018,9.475639031173992e-05,0.1195909888973237,45.14534701996872,0.003731151,489.2674911,-0.026410473,5.162727156417149e-06,0.1742418498786458,4.554049506224764,0.009315426,8.780268841053209,-0.010781113,6.022043602631512e-05,0.023005129,0,0,0,0,0,0,0,0,0,0,0,0,0,1
155.0704460966669,0.00066042,3261.1042414263725,-0.016006219,1.2801825123181368e-06,0.7632921575259803,156.9150106584027,0.000687232,3267.3559631987832,-0.019277251,1.3045468237100562e-06,0.7406139210458995,28.60419591360849,0.003177561,290.2952964872343,-0.013381266,4.891775128245661e-06,0.1779138005139981,0,0,0,0,0,0,0,0,0,0,0,1,0,0
16.010791342555503,0.01398028,93.48509494626876,0.02125753,5.7050790805818464e-05,0.1130568424334771,48.72617105068064,0.002492923,496.6518357362552,-0.016124796,3.0736558334026846e-06,0.1748757326439254,68.47009484852974,0.0066349,758.1142705933631,-0.061298449,1.6088028556004254e-05,0.054839457,0,0,0,0,0,0,0,0,0,0,0,1,0,0
47.56215901657701,0.005017381,180.4442612613004,-0.028400683,9.86954549193942e-06,0.1236510000405423,15.629177866945906,0.008151721,86.94582740477665,0.012933924,2.5164434117819524e-05,0.084510346,152.76878072204653,0.001418657,3627.778570214516,-0.03133706,1.999189950728585e-06,0.7672467427204261,0,0,0,0,0,0,0,0,0,0,0,1,0,0
14.23740375407143,0.010177886,76.08373435378196,0.016904205,2.9262928966535964e-05,0.098912655,2.330548091044058,0.013221263,1.7214731155812677,-0.005337647,7.188983502116353e-05,0.009631392,40.27398577842136,0.002624661,506.7435745052829,-0.001337352,3.6999113179430215e-06,0.2155015249137928,0,0,0,0,0,0,0,0,0,0,0,1,0,0
152.22005707554283,0.000494652,3435.110702529496,-0.012510013,1.1779318217000845e-06,0.7877395515736307,140.03865572487655,0.000593643,4244.745455,-0.02157797,1.2748002143339345e-06,0.8871845214312787,3.896380428058555,0.010271147,6.998819311505275,-0.011801263,0.000100391,0.021247084,0,0,0,0,0,0,0,0,0,0,0,1,0,0
42.3593496,0.004074958,154.06106633619328,-0.023121475,7.412963423709227e-06,0.1133477929929503,17.994863129366713,0.00510153,90.01649696,-0.006352506,7.859622832247786e-06,0.1031840868280999,153.75991055282643,0.001178054,3541.3912553210075,-0.026200343,1.6779779464743182e-06,0.7632513911382337,0,0,0,0,0,0,0,0,0,0,0,1,0,0
155.0194454634629,0.000502841,3259.542625461408,-0.013935051,1.195749106697205e-06,0.7640499980920008,15.8443168,0.007415027,91.95330886792917,0.003513703,1.996540441459945e-05,0.073299236,43.27280139897295,0.002566763,607.8134287953687,0.008963571,4.202961632244519e-06,0.2223287791363177,0,0,0,0,0,0,0,0,1,0,0,0,0,0
16.073300574159884,0.012055001,96.58447037120602,0.006689346,3.752260839937143e-05,0.1134439557369647,155.0558512729241,0.000505883,3371.1151678570145,-0.014929146,1.195664868406718e-06,0.7565681707346796,3.463444689772614,0.009180528,5.768480599314071,-0.010122618,5.4038976391014366e-05,0.020633158,0,0,0,0,0,0,0,0,1,0,0,0,0,0
47.31826335,0.004036942,180.6187712324252,-0.024318787,7.070908144658795e-06,0.1225060461710345,44.61873489486957,0.002158203,494.14005481204873,-0.017482577,2.874822220674879e-06,0.1701325937266694,153.71822638392047,0.001119951,3629.8736255716376,-0.026393576,1.6322183318210298e-06,0.757038062,0,0,0,0,0,0,0,0,1,0,0,0,0,0
19.097060047868816,0.024116595,124.89698753946142,0.018890472,0.000226197,0.1325572868998765,149.66623606747874,0.001328484,3726.249912871021,-0.038038192,1.950806031991137e-06,0.8006680766189621,8.450727365359326,0.008235273,29.354826353976453,-0.008358497,3.069131429510862e-05,0.043149121,0,0,0,0,0,0,0,0,1,0,0,0,0,0
55.361775546914366,0.007351161,228.8525116095221,-0.044373927,1.8261270862173663e-05,0.1401790790256351,34.336567564294505,0.005968883,434.7981272907294,-0.029519998,9.195833398448725e-06,0.1538037783380729,157.73451445039416,0.001753217,3252.8427891034044,-0.032450923,2.257377703731268e-06,0.7325812597427079,0,0,0,0,0,0,0,0,1,0,0,0,0,0
159.1972872812757,0.001203866,3069.562625285594,-0.024849985,1.6740661566676043e-06,0.7272636340744884,21.00554867064249,0.018031535,84.99209649,0.02821403,0.000110504,0.045528145,45.26883364180449,0.004126783,521.4557560156663,0.00694792,5.718501483007704e-06,0.22426962,0,0,0,0,0,0,0,0,1,0,0,0,0,0
53.28837624350073,0.007464441,272.1652152716865,-0.050716917,1.9522014352832555e-05,0.1417844094287935,44.63354494913578,0.004023324,560.1501209391488,-0.025121814,5.652471015515097e-06,0.1781779424571044,173.35715463953434,0.001894936,2315.898972058204,-0.034165782,2.530864249284589e-06,0.6073289101619358,0,0,0,0,0,0,0,0,1,0,0,0,0,0
18.16581585811468,0.024622945,120.54053995537107,0.020488718,0.000222457,0.1236624518041032,154.83808497473805,0.001101235,3436.3150804583547,-0.027188201,1.608872137479346e-06,0.7555855779265952,49.16638538,0.012014325,1494.6531128654717,-0.084766379,4.2233411877984695e-05,0.026179804,0,0,0,0,0,0,0,0,1,0,0,0,0,0
158.2889781485549,0.001212505,3117.8378064665376,-0.02767219,1.7470460298381336e-06,0.7345531387671032,17.02111731542862,0.012777359,94.21327657640722,0.018846004,7.141487894721085e-05,0.06623648,53.21157320199817,0.004386977,1072.739870861801,0.005171378,7.223733055398839e-06,0.3664912862014199,0,0,0,0,0,0,0,0,1,0,0,0,0,0
36.35890897179709,0.004199678,140.22934906827774,-0.02118921,7.665635353895746e-06,0.1140411977528748,2.9752007101160123,0.011041562,0.7441007588091586,-0.003249306,3.649086888209154e-05,0.00647614,12.180719709353266,0.003408205,53.09128868204048,-0.005053492,5.080643542982691e-06,0.084398912,1,0,0,0,0,0,0,0,0,0,0,0,0,0
11.654449553875372,0.007309364,51.62474950410123,0.009619634,1.845531841690232e-05,0.075243214,142.4984030551886,0.000408668,3840.773579,-0.014057691,1.1850116181965778e-06,0.8482483057902068,149.24279976440351,0.000570153,3573.4384215353525,-0.010922086,1.213835248512941e-06,0.7823957168448159,1,0,0,0,0,0,0,0,0,0,0,0,0,0
147.07988748594718,0.000424866,3538.6050700400124,-0.009942279,1.1566262074666338e-06,0.810715589,23.19724448788413,0.003564489,185.4047387287084,-0.013341202,5.135128749989782e-06,0.1452755542282953,48.55902180061628,0.001218225,254.43908303103547,0.007890226,2.492101087279312e-06,0.1332053716187543,1,0,0,0,0,0,0,0,0,0,0,0,0,0
151.48296896582994,0.000494552,3265.209069638738,-0.008577354,1.17525429621882e-06,0.7742353901585163,13.202051273673506,0.007192273,75.89160162108148,-0.008420142,1.828086352228985e-05,0.05567494,140.58449195310314,0.000764129,4142.860178720212,-0.013266862,1.371542855244003e-06,0.8522834548604203,1,0,0,0,0,0,0,0,0,0,0,0,0,0
13.767187522893568,0.007904904,75.07543840861769,0.008216781,2.117966717202078e-05,0.091772548,153.13158944646997,0.000418079,3195.514044352971,-0.008759262,1.1306894258773556e-06,0.758323494,18.02012889716396,0.002901784,123.96668184383108,-0.016165017,5.7834337200117804e-06,0.1110852174558243,1,0,0,0,0,0,0,0,0,0,0,0,0,0
42.716438,0.003874139,198.57928771744656,-0.022046302,6.341015989134976e-06,0.1339920620546995,39.850651840541936,0.002597731,404.2254133103525,-0.021330684,3.672484588729155e-06,0.186001566,66.90946743994772,0.003997031,16.878368703080156,-0.001530134,3.802482011380892e-06,0.036631328,1,0,0,0,0,0,0,0,0,0,0,0,0,0
149.8683612179524,0.000438458,3380.468352,-0.012042657,1.1712737085436247e-06,0.7863872774305763,143.67266852305957,0.000387458,3784.175910221341,-0.014517893,1.176093822639983e-06,0.8371239576653188,44.15174662319711,0.001217873,348.11286405530694,0.002708854,2.130303800467765e-06,0.1706325116350034,1,0,0,0,0,0,0,0,0,0,0,0,0,0
8.900119806352004,0.006955412,30.762808978361623,0.003173902,1.7587398672398848e-05,0.05229655,3.5086147731428903,0.009484859,4.343304250177081,-0.004528776,4.057498293153229e-05,0.013192815,151.30288019692134,0.000555423,3404.4182942360176,-0.010196995,1.2028438155201472e-06,0.7675173312147653,1,0,0,0,0,0,0,0,0,0,0,0,0,0
36.76233311,0.003938987,237.9478407521516,-0.019830934,5.764428790423011e-06,0.161316172,26.27051583450718,0.003030886,214.1679001944595,-0.015075687,4.357882740389727e-06,0.1496832272280737,9.524159247176994,0.0035201,34.83111578632534,-0.004371102,7.212708058169904e-06,0.061850157,1,0,0,0,0,0,0,0,0,0,0,0,0,0
41.75759707379295,0.002311546,255.5364020484521,-0.017945866,3.52696527089252e-06,0.1430064155474062,8.923797789763865,0.007511445,60.59961947074175,-0.007493931,1.825775855286408e-05,0.023755479,10.720101700635686,0.004106098,42.92378948738618,-0.006587731,9.667597032308388e-06,0.075125936,0,0,0,0,0,0,0,0,0,0,0,1,0,0
12.650556833813214,0.005471697,61.99269996483636,0.008845459,9.323368684954216e-06,0.081541075,27.92753537653069,0.003116513,232.8475585138985,-0.013883773,4.191235377331438e-06,0.1426720382868858,156.34224328476697,0.0008925,3160.2223435132983,-0.017777149,1.502720722220314e-06,0.7248331700133087,0,0,0,0,0,0,0,0,0,0,0,1,0,0
151.34297810982918,0.000485089,3294.605998195839,-0.004209577,1.1249299341438946e-06,0.7754525098999766,144.15779254380314,0.000562495,3778.475654447437,-0.015434975,1.207369948809837e-06,0.8335724826217497,51.16471351096886,0.001951991,385.59925686788085,0.018341942,3.569400776243691e-06,0.2000408938790347,0,0,0,0,0,0,0,0,0,0,0,1,0,0
57.01742104064167,0.006425684,232.4993538530168,-0.033558447,1.2707990320435136e-05,0.149886079,14.44330839690136,0.011610786,96.13483361,-0.019480444,4.786159718067364e-05,0.070162459,15.872655743712643,0.005503575,90.06978600317446,-0.018713439,1.2495891477246408e-05,0.107798176,0,1,0,0,0,0,0,0,0,0,0,0,0,0
19.43007261963013,0.013153307,149.57087606403013,0.005875467,4.5730465743711295e-05,0.1420497079107325,155.38455089363464,0.000667402,3032.297821,-0.01355785,1.2464090751655776e-06,0.741664296,54.71262793203677,0.003409292,172.25469297538072,0.01841734,6.453792079332964e-06,0.1110525115728065,0,1,0,0,0,0,0,0,0,0,0,0,0,0
159.55330664060347,0.000943025,2783.176837334709,-0.017328257,1.4225244383721758e-06,0.7080642134862354,42.63937067357215,0.004606283,391.0390287955752,-0.03071805,7.256040422544766e-06,0.1881732448870951,149.13041645584028,0.001336597,3625.3547681328296,-0.015953689,1.8212466983304875e-06,0.7811493124815203,0,1,0,0,0,0,0,0,0,0,0,0,0,0
154.9724769812003,0.000846196,3026.190643332596,-0.014316922,1.3487337674605787e-06,0.7474431026601218,35.85095491893586,0.004869231,289.1951502106893,-0.029806314,8.469537126310763e-06,0.1688597291134583,15.134945697700235,0.006488637,82.51120829563294,-0.021674909,1.859487630545985e-05,0.106135357,0,0,1,0,0,0,0,0,0,0,0,0,0,0
16.654807993400443,0.013816383,114.7781734444567,-0.001457918,5.07899600058201e-05,0.1195135524909655,10.50780480196511,0.013453088,60.97893511320905,-0.026957035,5.8078967630806016e-05,0.050036714,149.6484629369254,0.001269753,3591.656876748636,-0.0148352,1.7366052976824583e-06,0.7771815690783683,0,0,1,0,0,0,0,0,0,0,0,0,0,0
48.74131241432815,0.00599232,199.7897792230771,-0.033582095,1.2580795083775998e-05,0.1330433448489125,150.72103042231828,0.000657686,3307.7974292568165,-0.013806342,1.242125876206583e-06,0.7811035569352919,54.83152971410302,0.002906924,192.02777609445093,0.01872137,5.751540125380407e-06,0.1166830737169085,0,0,1,0,0,0,0,0,0,0,0,0,0,0
159.992984,0.001340552,2775.7848329737744,-0.021370783,1.7480051153326195e-06,0.7030094865506042,155.48557178266964,0.000947739,3031.1572481110443,-0.015047682,1.4122659637370469e-06,0.7405228540126146,89.42455382667175,0.002366863,1990.9605285467912,-0.01053326,3.355757518682415e-06,0.4753340362969972,0,0,0,1,0,0,0,0,0,0,0,0,0,0
59.81573927647271,0.006948478,248.71536011790067,-0.037281043,1.4149948721807311e-05,0.1442378257980517,14.120425714584204,0.010283685,79.48318823,0.013925839,3.066180646395319e-05,0.09628584,35.90492133280115,0.00694562,682.9239356355235,-0.004248136,1.7244426274557356e-05,0.1350149257368639,0,0,0,1,0,0,0,0,0,0,0,0,0,0
20.73051086618268,0.015123924,167.1051157961406,0.030598557,5.998808649531093e-05,0.152752688,47.61713567786166,0.005291761,280.4645269540607,-0.027258687,8.500312612044268e-06,0.1631913059366634,197.39889564256688,0.001525193,1008.4830150539566,-0.020363569,2.167020129920617e-06,0.3896510379661388,0,0,0,1,0,0,0,0,0,0,0,0,0,0
150.67002348234206,0.000344865,3333.2931453930305,-0.004895565,1.0817646210842697e-06,0.7797830655553531,139.88904059236884,0.0004232,4027.365845622117,-0.016586645,1.2129639411965365e-06,0.8696301809675803,21.766012361966705,0.001808474,175.57446397150193,-0.014192023,3.930949626535946e-06,0.1607390059690732,0,0,0,0,1,0,0,0,0,0,0,0,0,0
12.70481328001994,0.004746858,65.02806011388901,0.004565513,7.923423352292428e-06,0.076254429,2.4886937704571035,0.0071295,1.4170924588145384,0.000379573,1.727010706019967e-05,0.009217203,157.88678388879316,0.000518582,3075.7682216472413,-0.009181513,1.209122368985992e-06,0.7098860907601543,0,0,0,0,1,0,0,0,0,0,0,0,0,0
40.44713562487864,0.002058352,272.8741040261221,-0.016829252,3.166291741664272e-06,0.1439625054174994,21.517749055619465,0.002741081,142.77266641118578,-0.007207479,3.5241376192885206e-06,0.1211526156022135,67.25665375569744,0.001891382,187.64890832260608,0.017620151,3.8307721040758e-06,0.1293749032707725,0,0,0,0,1,0,0,0,0,0,0,0,0,0
11.631276275977749,0.005317253,53.49766833310391,0.005290594,9.856158558677273e-06,0.072547538,138.60121153800793,0.000386518,4095.352756,-0.017288342,1.1923763970039523e-06,0.881093377,157.7318715753025,0.000438767,3073.9485124329844,-0.010779669,1.1634854114055952e-06,0.7111181135573532,0,0,0,0,1,0,0,0,0,0,0,0,0,0
37.52858336892948,0.002472799,188.30719575511645,-0.016043703,3.749759252772655e-06,0.1233153498380571,1.6926289384431397,0.008159185,0.982237773,0.000908153,2.181463639504224e-05,0.007157137,64.60801189986505,0.001201846,261.5646384385858,0.014071255,2.587048101744632e-06,0.1417506928584547,0,0,0,0,1,0,0,0,0,0,0,0,0,0
147.72574506564678,0.000320388,3517.196355541843,-0.008895183,1.1007135573306946e-06,0.8041371125816343,19.066763977316626,0.003382913,110.9306940346434,-0.00602172,4.403978768460846e-06,0.1117494866157761,19.976753030753848,0.001838191,148.99797420309278,-0.011759545,3.1876798367862017e-06,0.1471311935841921,0,0,0,0,1,0,0,0,0,0,0,0,0,0
9.184457102,0.01479209,26.81056678624707,0.00297167,9.205872046056992e-05,0.056918975,21.125032530511486,0.004968366,114.95150814182404,-0.018703783,9.437244094413305e-06,0.1141902986196258,41.98127018,0.000947285,297.3422769617003,-0.005957115,1.5496479572371738e-06,0.1831115058320869,0,0,0,0,1,0,0,0,0,0,0,0,0,0
143.53866688767943,0.000499926,3753.637101863063,-0.006125793,1.1317649119211708e-06,0.8413292107673134,140.42538821746618,0.000526613,3953.417868228679,-0.013964833,1.1913254149846711e-06,0.8675264863957791,8.388218680607665,0.007525114,24.41196452022271,-0.0086894,1.6885251120116494e-05,0.05851618,0,0,0,0,1,0,0,0,0,0,0,0,0,0
29.665886805107675,0.003491193,128.04537181955249,-0.019870811,6.747134268734935e-06,0.1017518141902276,3.805873296315819,0.017193511,5.300817316846097,-0.007365747,0.000135559,0.018283215,153.12597621873434,0.000824551,3212.737449215096,-0.017386532,1.4358505504428691e-06,0.7583723138689873,0,0,0,0,1,0,0,0,0,0,0,0,0,0
11.870143841961584,0.00642889,57.97419982535489,0.002925176,1.4100152320179075e-05,0.066086599,50.58405934330845,0.001533843,548.4414420838772,-0.01518673,2.1276669056514866e-06,0.2207997892445586,134.72684689588488,0.00080564,4573.863104745641,-0.019433971,1.4386226715534118e-06,0.894877118,0,0,0,0,1,0,0,0,0,0,0,0,0,0
149.96211408135807,0.000472206,3364.637897113737,-0.005859427,1.126971945744236e-06,0.7865015277545294,14.14535697115554,0.005613696,81.96851108371601,-0.00745538,1.1943106913564037e-05,0.078593753,86.37712320861122,0.004842421,15.11256484687852,-0.000449481,4.390230297615838e-06,0.032635221,0,0,0,0,1,0,0,0,0,0,0,0,0,0
37.70177147679325,0.002782422,265.8492827595088,-0.020523552,4.2195025516645e-06,0.1474118736739457,159.8713379123503,0.000367349,2826.9505647873184,-0.00625093,1.0985879316698151e-06,0.7006064574134178,12.480318657152694,0.003827118,54.92618085751962,-0.009403907,7.809557496406101e-06,0.072487661,0,0,0,0,1,0,0,0,0,0,0,0,0,0
100.39092481740316,0.001005244,2108.2562736232785,-0.01149137,1.4914442076110972e-06,0.5688797604374073,147.0276048726518,0.000680116,3666.2790163200943,-0.014952123,1.2849453162371686e-06,0.8045171181139806,31.04403804674592,0.001164706,334.3217609988373,-0.007448785,1.9532797269499576e-06,0.2420250300914669,0,0,0,0,0,1,0,0,0,0,0,0,0,0
206.7679713278727,0.000781314,671.2856077,-0.008391293,1.3798031744823008e-06,0.313172537,2.231709443335922,0.00532404,2.010066952238108,-0.002466958,1.1880661450743128e-05,0.011871315,164.2834929793042,0.001178068,2553.841209,-0.020147761,1.85191493806346e-06,0.6673848225248891,0,0,0,0,0,1,0,0,0,0,0,0,0,0
20.713100036964075,0.001948245,165.32699829514766,0.000312057,2.487226034572237e-06,0.1179477024851807,32.64913977458696,0.00161884,356.0262898706528,-0.003691472,1.99535462388134e-06,0.183611567,78.96812342668173,0.007044089,72.14258666169691,0.013205788,1.4614022895910604e-05,0.090590147,0,0,0,0,0,1,0,0,0,0,0,0,0,0
168.76904119317933,0.000679471,2327.4751602175647,0.000605451,1.212649912279547e-06,0.6273850212766892,157.40002,0.000630834,3049.830978483803,-0.009486917,1.243845399063935e-06,0.7167126409942446,33.25753151435671,0.001193747,377.620263,-0.008859412,1.97501962153722e-06,0.2554138574163624,0,0,0,0,0,0,1,0,0,0,0,0,0,0
14.477491634699264,0.003696841,85.43249405029633,-0.004278287,4.79677283869692e-06,0.081406343,5.204887668750916,0.004842957,11.035165171009446,-0.006412136,1.08648282188137e-05,0.030154867,163.95470063210806,0.001387936,2613.789893424625,-0.017899595,2.315410510318561e-06,0.6664665955660298,0,0,0,0,0,0,1,0,0,0,0,0,0,0
59.11927531170073,0.001403503,756.8973227300168,-0.01331412,1.8545174397836063e-06,0.2912086352383671,44.68108707704071,0.001773589,566.9457357456743,-0.000728823,2.361358448878364e-06,0.2531324915178792,83.37229689031693,0.006518181,165.2663959947219,-0.017277757,1.5760420019635478e-05,0.078119547,0,0,0,0,0,0,1,0,0,0,0,0,0,0
180.5432236043769,0.001291197,1696.9246704393925,-0.004433425,1.5980394392533478e-06,0.5348686630280144,13.122406941442572,0.003681061,66.26173776189776,-0.001943595,5.856137311824672e-06,0.083619651,195.19909827297693,0.00095518,1045.7228935992648,-0.008470461,1.4357996290413885e-06,0.4212808013290912,0,0,0,0,0,1,0,0,0,0,0,0,0,0
14.83492604124871,0.003281122,79.57424184010573,0.003947925,5.292684011998892e-06,0.078427354,154.86508957692016,0.000800857,3204.421322655359,-0.009639822,1.2657029475040185e-06,0.7385198374863222,46.27693384,0.00217438,753.7959478269789,0.027935808,6.468007651434306e-06,0.3681398016972013,0,0,0,0,0,1,0,0,0,0,0,0,0,0
68.78098415239026,0.001328863,1070.398789105956,-0.013186619,1.755372460096197e-06,0.386703983,49.81445986490373,0.001944062,388.4962560337831,0.004451641,2.550597695019757e-06,0.1778605110321004,118.99665278038871,0.002090187,326.6005223326625,0.017882112,3.670580448674525e-06,0.2105793969737075,0,0,0,0,0,1,0,0,0,0,0,0,0,0
29.370566177490275,0.003876903,209.1807423,-0.022896505,6.363279390855534e-06,0.1152725646429734,21.40364594542491,0.004974221,121.8229556736418,-0.018241086,8.797763968459458e-06,0.110235004,52.95968871713093,0.001588003,549.1687818,0.008479932,2.4887797424898563e-06,0.2566114271588247,0,0,0,0,0,1,0,0,0,0,0,0,0,0
143.20047277766471,0.000919451,3824.348095629411,-0.018345124,1.3693119998143207e-06,0.8410911158313785,139.82781398666845,0.000871553,4005.741747407515,-0.018842756,1.4015142381519313e-06,0.8714510432039088,162.29190618384575,0.001120193,2738.2930654107217,-0.015024703,1.5678342179778394e-06,0.6783889274257919,0,0,0,0,0,1,0,0,0,0,0,0,0,0
10.34664219106674,0.016161746,22.899973423039786,-0.008606349,9.936485988835444e-05,0.04363632,3.780174832580817,0.019158087,6.853760295737857,-0.00966066,0.000208187,0.018313953,9.148693593,0.007222066,30.81165845292333,-0.011169347,1.882267093753176e-05,0.064999645,0,0,0,0,0,1,0,0,0,0,0,0,0,0
20.447672712086337,0.002880168,148.52735177281215,-0.001943642,3.7747827185341433e-06,0.1137728652577194,10.54209529,0.003848814,47.79432232580831,-0.003185397,8.123705821268789e-06,0.04479595,86.38955541092682,0.008715983,1740.6830580742435,-0.141462421,4.583091375030007e-05,0.020535457,0,0,0,0,0,1,0,0,0,0,0,0,0,0
217.31321786979564,0.001407198,368.63342302792375,-0.004538749,1.6546743732637863e-06,0.2150915330224055,156.5644394839162,0.000746412,3088.230156,-0.007910864,1.2493591543508109e-06,0.7240060058180087,69.50786861525243,0.001989284,1803.616222722876,0.024875505,3.311846011197884e-06,0.5280707792240824,0,0,0,0,0,1,0,0,0,0,0,0,0,0
112.05518230732046,0.001135081,2774.608246,-0.010255045,1.5214679008315811e-06,0.671135602,45.18640311,0.001694497,555.3791745977562,-0.003571688,2.124916702897565e-06,0.2311980445555057,190.0640400293755,0.001602487,1310.582732959666,-0.022093894,2.2376076806704853e-06,0.4513937634290413,0,0,0,0,0,1,0,0,0,0,0,0,0,0
155.7486010068865,0.001390805,3030.7068512127767,-0.019541975,1.7071538310733531e-06,0.7386472614473535,37.42204509652936,0.006147165,288.3777453265576,-0.041661279,1.2868322965075547e-05,0.1502390541661609,48.538119346015286,0.003896098,438.8160429765128,0.002759288,6.826283454023923e-06,0.1938567893268521,0,0,0,0,0,0,0,1,0,0,0,0,0,0
19.20978713,0.023338882,146.36577116049438,-0.044473157,0.000166922,0.1296922648960264,150.2623950415703,0.001124596,3346.917502064872,-0.019554209,1.5255467919641103e-06,0.7844871541083481,11.204983088029962,0.013180823,42.71214068,-0.010013058,5.2174385075440304e-05,0.071750445,0,0,0,0,0,0,0,1,0,0,0,0,0,0
51.56105625268958,0.007473668,258.17843135186325,-0.049205179,1.8477316922040663e-05,0.131660474,12.593418587163873,0.018293395,74.37096643869542,-0.036666952,0.000122624,0.065273792,155.37977822402132,0.00180018,3163.2943278692774,-0.004940028,2.1248978694841407e-06,0.734392765,0,0,0,0,0,0,0,1,0,0,0,0,0,0
52.43407971,0.008147974,232.3593271633113,-0.050363042,2.240572455299263e-05,0.1365138917657461,37.827949346428206,0.00732304,301.55590055664186,-0.043925483,1.692312645845541e-05,0.170918722,15.94687630178837,0.010289974,88.43035261654748,-0.033353005,4.500058226008018e-05,0.1130381621323543,0,0,0,0,0,0,0,1,0,0,0,0,0,0
18.829021561861595,0.021872783,142.7536509419164,-0.02921004,0.000143289,0.1311652690783803,152.2148206730114,0.001052394,3205.9229841962383,-0.015950751,1.475256677555791e-06,0.7696168711053455,151.96595475134876,0.001993515,3452.5277054343724,-0.016327294,2.418312348793445e-06,0.7583698295748774,0,0,0,0,0,0,0,1,0,0,0,0,0,0
156.61973033817657,0.001310379,2965.275301097133,-0.019891216,1.7175299101088958e-06,0.7323208391558736,11.956522485773505,0.01953978,66.69579154810747,-0.037081436,0.000150521,0.059464406,56.57105455357252,0.004654698,197.11482867727327,0.02803668,1.0461041153749574e-05,0.1285920082927681,0,0,0,0,0,0,0,1,0,0,0,0,0,0
156.0950550514185,0.00203398,3006.9048414817657,-0.027391523,2.432725582573639e-06,0.7358383551449482,151.94167179398968,0.001605749,3261.9323886937764,-0.024136415,2.0291759902636817e-06,0.7696632251189858,10.958234804975383,0.018147867,36.53701263497188,-0.011588771,8.51839402820892e-05,0.06424192,0,0,0,0,0,0,0,1,0,0,0,0,0,0
18.955540318480548,0.032675528,142.76691302739016,-0.060161332,0.000328261,0.1285124601353058,40.84764356684868,0.008369503,312.8175572660703,-0.054542166,2.097360123789799e-05,0.1558215641445389,154.6461921225289,0.002777053,3234.7175129367565,-0.009923312,3.44523349682996e-06,0.7387381099259842,0,0,0,0,0,0,0,1,0,0,0,0,0,0
51.81154650633508,0.010223382,274.1045320427397,-0.066579859,3.300297992089091e-05,0.135649185,13.63593892161422,0.023754239,77.82513974785475,-0.047706444,0.000218252,0.074515211,47.59889066458148,0.005366908,478.8068474534649,0.002272663,1.1977740618966904e-05,0.19701997,0,0,0,0,0,0,0,1,0,0,0,0,0,0
19.68514130189662,0.023193304,148.37561052578656,-0.019764383,0.000149164,0.1366040540031407,152.37507432075117,0.00118738,3218.012013,-0.015825597,1.5847263441548314e-06,0.7675957792337554,36.05254862544814,0.010899879,740.2778054,-0.055019219,4.333981383496809e-05,0.1518456963584744,0,0,0,0,0,0,0,1,0,0,0,0,0,0
155.30459056060442,0.001690376,3063.149300002197,-0.023451548,2.134114030623427e-06,0.7424360507150475,12.140293298872953,0.020845401,72.28727649692459,-0.042851439,0.000171693,0.055917519,197.90324796029924,0.002510423,974.5877046015562,-0.035715299,4.049117462879864e-06,0.3873417503855605,0,0,0,0,0,0,0,1,0,0,0,0,0,0
52.504074135629295,0.008875417,215.4718306712865,-0.052803319,2.4848671661186755e-05,0.1209598952818119,37.97660238489417,0.007453985,311.5908885651727,-0.041377385,1.679999571740688e-05,0.176486702,91.60572811392956,0.002750645,1929.989551647443,-0.014805873,3.975559599233818e-06,0.460812553,0,0,0,0,0,0,0,1,0,0,0,0,0,0
13.808251152705935,0.006431653,71.74758568987653,0.016818337,1.4850629504697562e-05,0.091918932,46.66446825887202,0.002135536,505.4025483,-0.017438567,2.789631926354375e-06,0.2047537478548388,86.31939285878843,0.005926332,18.80299091816721,-0.00029132,6.484873061726792e-06,0.038401835,0,0,0,0,0,0,0,0,0,1,0,0,0,0
42.06650895207286,0.003541301,177.18795517072158,-0.01952408,5.633859136152104e-06,0.1206438091622208,156.93211975724876,0.00048822,3009.9696365638547,-0.008270928,1.154818693108325e-06,0.7248767689305526,14.577921639032748,0.004254416,60.28919455918784,-0.009686053,8.572497136274287e-06,0.072056242,0,0,0,0,0,0,0,0,0,1,0,0,0,0
149.80924280238509,0.000633308,3392.703078152585,-0.008807803,1.2102116714740523e-06,0.7874372589944313,14.189537491666725,0.005348158,76.98789857528261,0.001000202,1.0674379987790912e-05,0.070369483,134.83842259882096,0.001074816,4635.197150371972,-0.024662979,1.7316912522099302e-06,0.8895419234814183,0,0,0,0,0,0,0,0,0,1,0,0,0,0
33.17333473683255,0.005599043,183.9890684730025,-0.030612288,1.0845932499783247e-05,0.1173420397418092,142.76261724023612,0.000911799,3811.6311467756377,-0.025146654,1.5354795960052275e-06,0.8473116426514316,156.40449849707892,0.001044024,3131.7378627893645,-0.017755089,1.4769625510282905e-06,0.723842211,0,0,0,0,0,0,0,0,0,1,0,0,0,0
10.686015148325282,0.020145211,32.41484247992322,-0.003054609,0.00015025,0.057935175,23.76478585,0.007219382,173.79301160837886,-0.031790312,1.786952182170812e-05,0.13666716,8.847135012063031,0.008047166,26.98290703,-0.005559494,1.843499941959419e-05,0.060185072,0,0,0,0,0,0,0,0,0,1,0,0,0,0
145.25013725622009,0.00112367,3688.1120570279154,-0.02713974,1.5628986111597854e-06,0.8247227857499819,5.650465897084215,0.022377186,16.99304197,-0.016670949,0.0002633,0.016021197,48.88662524,0.001916928,482.8931398068664,0.005299156,2.7523400463684675e-06,0.2159727170643579,0,0,0,0,0,0,0,0,0,1,0,0,0,0
153.1806257690327,0.001175251,3197.701073178811,-0.004653329,1.5381129616390208e-06,0.758610575,54.36423130657973,0.002598462,515.6206945764308,-0.013962525,3.112071649367311e-06,0.2272445911754188,203.2067031416096,0.001307912,747.4681914580894,-0.009177836,1.6645536198722058e-06,0.3585261556533425,0,0,0,0,0,0,0,0,0,1,0,0,0,0
15.43850668485887,0.009778553,90.962117,0.013193235,3.352178568139936e-05,0.1033658975869194,14.899889126775076,0.007891944,82.44097019304029,0.002693779,1.9525922371228905e-05,0.092727462,48.28956340311931,0.004333413,818.8499833416237,0.02290921,1.695802415425181e-05,0.384053185,0,0,0,0,0,0,0,0,0,1,0,0,0,0
47.1446218,0.004287091,254.73454018107412,-0.025826861,7.090888068201797e-06,0.1380235275574516,162.5987854732189,0.000717385,2656.0772719428105,-0.006729646,1.2285274622921275e-06,0.680027947,127.83218756634992,0.002746549,438.5011744477711,0.01955471,4.254664252957111e-06,0.2574206588598123,0,0,0,0,0,0,0,0,0,1,0,0,0,0
16.48400580548699,0.007983464,109.0941523,0.015507063,2.0761599384696183e-05,0.1138194182736027,153.50849647695466,0.000537579,3192.5780929969765,-0.009874209,1.1665114149512206e-06,0.7552283318702594,149.7080247000115,0.000974414,3608.386587580929,-0.016386714,1.508182360323839e-06,0.7757187079568925,0,0,0,0,0,0,0,0,1,0,0,0,0,0
50.427208060996136,0.004122806,245.09627151333305,-0.023200856,6.205863510357772e-06,0.1472454757423656,40.46726375871736,0.002987591,415.8927738535964,-0.018955823,3.900032123033064e-06,0.1860926002894508,18.02551266706709,0.003651705,118.34828340872131,-0.014909118,7.061005665490167e-06,0.1224808322005207,0,0,0,0,0,0,0,0,1,0,0,0,0,0
155.66067893071957,0.000669339,3043.982989654926,-0.011816902,1.2462346798470028e-06,0.7389351059840317,14.654193498722314,0.006805705,85.81750127819761,0.001424459,1.8656680426149627e-05,0.058679068,58.79564003932529,0.002515721,163.6463671178018,0.015227127,4.6330303154257504e-06,0.1018004598425868,0,0,0,0,0,0,0,0,1,0,0,0,0,0
146.44389488847636,0.001087125,3616.3163743212463,-0.010483142,1.5254358607828548e-06,0.8144829184505923,45.03219701825503,0.003631444,382.0383177499734,-0.026345427,5.5056831690673644e-06,0.1693375664955534,7.819228402245867,0.007966233,22.179044569002965,-0.005149983,2.7022541816764804e-05,0.051111444,0,0,0,0,0,0,0,0,1,0,0,0,0,0
9.034357850953338,0.0121266,26.880780860111265,0.016450102,4.700322180306104e-05,0.053100421,14.793460470868526,0.009509094,79.65873302,0.019034986,3.512821279057038e-05,0.083718708,153.28532553566887,0.001661714,3303.255825876979,-0.02052994,2.3000016198602632e-06,0.7509321837175845,0,0,0,0,0,0,0,0,1,0,0,0,0,0
34.279063702527736,0.005528566,180.4660148648661,-0.022070143,9.958584684716004e-06,0.1324166601194975,154.53743326228832,0.000993958,3114.658433893779,-0.005716933,1.4270532930020337e-06,0.7469437258584238,44.39544855327667,0.002660587,398.0325328744509,0.009520033,4.8402544337762416e-06,0.197956372,0,0,0,0,0,0,0,0,1,0,0,0,0,0
105.85394410063556,0.00126562,1876.011203245612,-0.016490324,1.7719221635726385e-06,0.5418794016728962,154.8932114108549,0.001100793,3118.860761814256,-0.005952998,1.5454747948569878e-06,0.7429319049513327,85.28329487115371,0.002390412,1915.4796043836263,0.001485516,4.2631592032392364e-06,0.5713363085501636,0,0,0,0,0,0,0,0,1,0,0,0,0,0
22.852929638093297,0.009240549,180.2103930122495,-0.036413375,3.623279576226542e-05,0.1537197354667434,14.560676613587171,0.009291311,79.56722789974418,0.009341731,3.0882525799505e-05,0.083919194,199.7256269469326,0.001663119,906.4868401257196,-0.026742809,2.6902135612737497e-06,0.3762449670758921,0,0,0,0,0,0,0,0,1,0,0,0,0,0
208.41591041630105,0.001156809,610.8140197902687,-0.010090672,1.6977010004704757e-06,0.3044008628603604,46.306804469657344,0.003586651,389.1763720829769,-0.023900708,5.21956168396852e-06,0.1731489007061656,8.466370650687093,0.009215063,26.582190696945105,-0.011586847,2.7969563164016617e-05,0.052418724,0,0,0,0,0,0,0,0,1,0,0,0,0,0
148.41163015054642,0.000656711,3484.329664,-0.009526591,1.2154536890754697e-06,0.7994227191138736,153.00918577918188,0.000611478,3229.610879634841,-0.009767674,1.1837927092479366e-06,0.7593486538609423,194.61154940679444,0.000726382,1085.2306806270765,-0.00794882,1.2891928406818005e-06,0.4239409130780543,0,0,0,0,0,0,0,0,0,0,1,0,0,0
13.572454953586632,0.006383165,68.58009990849939,0.016291574,1.5162747217359064e-05,0.092073382,44.39320203857152,0.002623948,333.97608942605103,-0.018126288,3.5265292793742616e-06,0.1578462156492637,44.35932932279532,0.002763899,697.6825481773274,0.001516694,5.363214491121136e-06,0.3505178457385955,0,0,0,0,0,0,0,0,0,0,1,0,0,0
41.07950155622605,0.003265788,151.74720609424625,-0.01695297,5.059552130743031e-06,0.1085038986325604,13.959988105882266,0.005444891,76.46923725,0.008353171,1.151592142702851e-05,0.08280513,116.5997056112736,0.001489203,441.1564111768268,0.00390473,1.927866796399875e-06,0.225541241,0,0,0,0,0,0,0,0,0,0,1,0,0,0
38.36330589,0.003828411,249.0086085762029,-0.025566428,6.262648221827294e-06,0.1445961903821458,13.973193025752964,0.009936391,82.06531297626927,-0.018247542,3.273733577285948e-05,0.07332327,157.82549869744295,0.001085185,3006.501851482054,-0.021799487,1.642802047116676e-06,0.7159039953579788,0,0,0,0,0,0,0,0,0,0,0,0,1,0
150.16570319231727,0.000730438,3352.8444402631394,-0.008073583,1.2250731448719956e-06,0.7856804552143001,151.3745391,0.000746747,3304.103212957485,-0.009927394,1.2416223221334284e-06,0.7739114677659074,10.244367626459972,0.006065405,39.06044941415004,-0.008470215,1.5745250770292717e-05,0.072126752,0,0,0,0,0,0,0,0,0,0,0,0,1,0
11.640431125679228,0.009786312,54.76879688047804,0.002174111,2.3649666729272432e-05,0.069723354,40.36260473003148,0.00310232,349.1546035508395,-0.024926589,4.744943488001086e-06,0.1527652621343384,50.07451625734806,0.001609853,408.5669528059849,0.009611548,2.8213281353401274e-06,0.2119692524332356,0,0,0,0,0,0,0,0,0,0,0,0,1,0
44.795496185611256,0.003526565,214.6464064123751,-0.020613541,5.3085890076833005e-06,0.132213052,153.51682774027407,0.000796423,3196.558910610553,-0.011724684,1.283547288059122e-06,0.7550649958884492,55.960146789797335,0.00304751,293.3462622092701,0.028037883,6.7246699487535815e-06,0.1726124382514341,0,0,0,0,0,0,0,0,0,0,0,0,0,1
151.74677417372902,0.000801752,3284.2058851529105,-0.007554692,1.2635485404466597e-06,0.7712473218298643,14.540723662264329,0.008584832,81.48695398882897,0.009578793,2.6794230834768737e-05,0.073838346,14.76067406668162,0.004347569,80.48770302507577,-0.010356971,9.84180058614508e-06,0.1060934041834382,0,0,0,0,0,0,0,0,0,0,0,0,0,1
14.353691501498515,0.00778926,79.16296813867642,0.015445972,1.8576581956878947e-05,0.096539626,42.979779029265735,0.003511615,394.4931195293325,-0.024559077,4.987728646101552e-06,0.1710966585279271,156.82522,0.001337325,3121.164442642321,-0.027502065,1.995800149598949e-06,0.7212941575651276,0,0,0,0,0,0,0,0,0,0,0,0,0,1
152.66301294707517,0.000776996,3228.9772683876868,-0.005974778,1.25163898788497e-06,0.7634714380522718,14.539009047014124,0.00730573,77.9501404,0.011578616,2.038936457402661e-05,0.075663981,44.97085362186399,0.003491416,707.5087227315872,0.004595346,7.965629096606527e-06,0.3570835538539043,0,0,0,0,0,0,0,0,0,0,0,1,0,0
14.484433114772424,0.006765019,82.32324160647858,0.010662347,1.4045047273982633e-05,0.097219025,43.82540207576405,0.003200143,399.52852748097865,-0.021697029,4.33494550742554e-06,0.1723654481802413,195.71613689439053,0.000893017,1031.8663755356904,-0.00848576,1.3883620633482843e-06,0.4164505958228642,0,0,0,0,0,0,0,0,0,0,0,1,0,0
45.81303885906903,0.003123663,249.7781196221518,-0.019663738,4.623615388668375e-06,0.1393095369118935,153.84929388474234,0.000735333,3183.1269794496848,-0.011136412,1.2504654721821606e-06,0.7519705708786729,118.25072802153292,0.001758821,401.7134536585045,0.007942976,2.3091108022403613e-06,0.2264658503232312,0,0,0,0,0,0,0,0,0,0,0,1,0,0
